file,line,type,commit,author,date,time,timezone,datetime,depth,length
style.css,1,css,fbe83992,Rwang0316,2026-04-24,16:23:42,-07:00,2026-04-24T16:23:42-07:00,0,17
style.css,2,css,fbe83992,Rwang0316,2026-04-24,16:23:42,-07:00,2026-04-24T16:23:42-07:00,1,12
style.css,3,css,fbe83992,Rwang0316,2026-04-24,16:23:42,-07:00,2026-04-24T16:23:42-07:00,1,36
style.css,4,css,fbe83992,Rwang0316,2026-04-24,16:23:42,-07:00,2026-04-24T16:23:42-07:00,1,7
style.css,5,css,fbe83992,Rwang0316,2026-04-24,16:23:42,-07:00,2026-04-24T16:23:42-07:00,0,0
style.css,6,css,fbe83992,Rwang0316,2026-04-24,16:23:42,-07:00,2026-04-24T16:23:42-07:00,0,0
style.css,7,css,fbe83992,Rwang0316,2026-04-24,16:23:42,-07:00,2026-04-24T16:23:42-07:00,0,17
style.css,8,css,fbe83992,Rwang0316,2026-04-24,16:23:42,-07:00,2026-04-24T16:23:42-07:00,1,10
style.css,9,css,fbe83992,Rwang0316,2026-04-24,16:23:42,-07:00,2026-04-24T16:23:42-07:00,1,10
style.css,10,css,fbe83992,Rwang0316,2026-04-24,16:23:42,-07:00,2026-04-24T16:23:42-07:00,1,24
style.css,11,css,fbe83992,Rwang0316,2026-04-24,16:23:42,-07:00,2026-04-24T16:23:42-07:00,1,15
style.css,12,css,fbe83992,Rwang0316,2026-04-24,16:23:42,-07:00,2026-04-24T16:23:42-07:00,0,0
style.css,13,css,fbe83992,Rwang0316,2026-04-24,16:23:42,-07:00,2026-04-24T16:23:42-07:00,0,0
style.css,14,css,fbe83992,Rwang0316,2026-04-24,16:23:42,-07:00,2026-04-24T16:23:42-07:00,0,17
style.css,15,css,fbe83992,Rwang0316,2026-04-24,16:23:42,-07:00,2026-04-24T16:23:42-07:00,1,10
style.css,16,css,fbe83992,Rwang0316,2026-04-24,16:23:42,-07:00,2026-04-24T16:23:42-07:00,1,8
style.css,17,css,fbe83992,Rwang0316,2026-04-24,16:23:42,-07:00,2026-04-24T16:23:42-07:00,1,15
style.css,18,css,fbe83992,Rwang0316,2026-04-24,16:23:42,-07:00,2026-04-24T16:23:42-07:00,0,0
style.css,19,css,fbe83992,Rwang0316,2026-04-24,16:23:42,-07:00,2026-04-24T16:23:42-07:00,0,0
style.css,20,css,609f61ef,Rwang0316,2026-04-03,16:21:44,-07:00,2026-04-03T16:21:44-07:00,0,4
style.css,21,css,609f61ef,Rwang0316,2026-04-03,16:21:44,-07:00,2026-04-03T16:21:44-07:00,1,43
style.css,22,css,626ba566,Rwang0316,2026-04-17,18:24:27,-07:00,2026-04-17T18:24:27-07:00,2,42
style.css,23,css,626ba566,Rwang0316,2026-04-17,18:24:27,-07:00,2026-04-17T18:24:27-07:00,1,0
style.css,24,css,609f61ef,Rwang0316,2026-04-03,16:21:44,-07:00,2026-04-03T16:21:44-07:00,1,23
style.css,25,css,626ba566,Rwang0316,2026-04-17,18:24:27,-07:00,2026-04-17T18:24:27-07:00,1,15
style.css,26,css,626ba566,Rwang0316,2026-04-17,18:24:27,-07:00,2026-04-17T18:24:27-07:00,1,18
style.css,27,css,96cd2fde,Rwang0316,2026-04-10,15:19:02,-07:00,2026-04-10T15:19:02-07:00,1,11
style.css,28,css,c2cdd733,Rwang0316,2026-04-10,15:32:20,-07:00,2026-04-10T15:32:20-07:00,0,0
style.css,29,css,c2cdd733,Rwang0316,2026-04-10,15:32:20,-07:00,2026-04-10T15:32:20-07:00,0,0
style.css,30,css,4aeb7708,Rwang0316,2026-04-10,15:42:16,-07:00,2026-04-10T15:42:16-07:00,0,4
style.css,31,css,626ba566,Rwang0316,2026-04-17,18:24:27,-07:00,2026-04-17T18:24:27-07:00,1,31
style.css,32,css,626ba566,Rwang0316,2026-04-17,18:24:27,-07:00,2026-04-17T18:24:27-07:00,1,23
style.css,33,css,4aeb7708,Rwang0316,2026-04-10,15:42:16,-07:00,2026-04-10T15:42:16-07:00,0,0
style.css,34,css,4aeb7708,Rwang0316,2026-04-10,15:42:16,-07:00,2026-04-10T15:42:16-07:00,0,0
style.css,35,css,c2cdd733,Rwang0316,2026-04-10,15:32:20,-07:00,2026-04-10T15:32:20-07:00,0,3
style.css,36,css,626ba566,Rwang0316,2026-04-17,18:24:27,-07:00,2026-04-17T18:24:27-07:00,1,39
style.css,37,css,626ba566,Rwang0316,2026-04-17,18:24:27,-07:00,2026-04-17T18:24:27-07:00,1,12
style.css,38,css,626ba566,Rwang0316,2026-04-17,18:24:27,-07:00,2026-04-17T18:24:27-07:00,1,17
style.css,39,css,626ba566,Rwang0316,2026-04-17,18:24:27,-07:00,2026-04-17T18:24:27-07:00,1,43
style.css,40,css,c2cdd733,Rwang0316,2026-04-10,15:32:20,-07:00,2026-04-10T15:32:20-07:00,0,0
style.css,41,css,c2cdd733,Rwang0316,2026-04-10,15:32:20,-07:00,2026-04-10T15:32:20-07:00,0,0
style.css,42,css,c2cdd733,Rwang0316,2026-04-10,15:32:20,-07:00,2026-04-10T15:32:20-07:00,0,5
style.css,43,css,626ba566,Rwang0316,2026-04-17,18:24:27,-07:00,2026-04-17T18:24:27-07:00,1,6
style.css,44,css,626ba566,Rwang0316,2026-04-17,18:24:27,-07:00,2026-04-17T18:24:27-07:00,1,20
style.css,45,css,626ba566,Rwang0316,2026-04-17,18:24:27,-07:00,2026-04-17T18:24:27-07:00,1,13
style.css,46,css,626ba566,Rwang0316,2026-04-17,18:24:27,-07:00,2026-04-17T18:24:27-07:00,1,17
style.css,47,css,626ba566,Rwang0316,2026-04-17,18:24:27,-07:00,2026-04-17T18:24:27-07:00,1,13
style.css,48,css,c2cdd733,Rwang0316,2026-04-10,15:32:20,-07:00,2026-04-10T15:32:20-07:00,0,0
style.css,49,css,c2cdd733,Rwang0316,2026-04-10,15:32:20,-07:00,2026-04-10T15:32:20-07:00,0,0
style.css,50,css,c2cdd733,Rwang0316,2026-04-10,15:32:20,-07:00,2026-04-10T15:32:20-07:00,0,13
style.css,51,css,626ba566,Rwang0316,2026-04-17,18:24:27,-07:00,2026-04-17T18:24:27-07:00,1,45
style.css,52,css,626ba566,Rwang0316,2026-04-17,18:24:27,-07:00,2026-04-17T18:24:27-07:00,1,20
style.css,53,css,4aeb7708,Rwang0316,2026-04-10,15:42:16,-07:00,2026-04-10T15:42:16-07:00,0,0
style.css,54,css,4aeb7708,Rwang0316,2026-04-10,15:42:16,-07:00,2026-04-10T15:42:16-07:00,0,0
style.css,55,css,4aeb7708,Rwang0316,2026-04-10,15:42:16,-07:00,2026-04-10T15:42:16-07:00,0,11
style.css,56,css,626ba566,Rwang0316,2026-04-17,18:24:27,-07:00,2026-04-17T18:24:27-07:00,1,45
style.css,57,css,626ba566,Rwang0316,2026-04-17,18:24:27,-07:00,2026-04-17T18:24:27-07:00,1,69
style.css,58,css,b719bdd9,Rwang0316,2026-04-10,15:55:19,-07:00,2026-04-10T15:55:19-07:00,0,0
style.css,59,css,b719bdd9,Rwang0316,2026-04-10,15:55:19,-07:00,2026-04-10T15:55:19-07:00,0,0
style.css,60,css,b719bdd9,Rwang0316,2026-04-10,15:55:19,-07:00,2026-04-10T15:55:19-07:00,0,4
style.css,61,css,b719bdd9,Rwang0316,2026-04-10,15:55:19,-07:00,2026-04-10T15:55:19-07:00,0,7
style.css,62,css,626ba566,Rwang0316,2026-04-17,18:24:27,-07:00,2026-04-17T18:24:27-07:00,0,5
style.css,63,css,626ba566,Rwang0316,2026-04-17,18:24:27,-07:00,2026-04-17T18:24:27-07:00,0,6
style.css,64,css,626ba566,Rwang0316,2026-04-17,18:24:27,-07:00,2026-04-17T18:24:27-07:00,1,12
style.css,65,css,626ba566,Rwang0316,2026-04-17,18:24:27,-07:00,2026-04-17T18:24:27-07:00,0,0
style.css,66,css,626ba566,Rwang0316,2026-04-17,18:24:27,-07:00,2026-04-17T18:24:27-07:00,0,0
style.css,67,css,626ba566,Rwang0316,2026-04-17,18:24:27,-07:00,2026-04-17T18:24:27-07:00,0,13
style.css,68,css,626ba566,Rwang0316,2026-04-17,18:24:27,-07:00,2026-04-17T18:24:27-07:00,1,17
style.css,69,css,626ba566,Rwang0316,2026-04-17,18:24:27,-07:00,2026-04-17T18:24:27-07:00,1,8
style.css,70,css,626ba566,Rwang0316,2026-04-17,18:24:27,-07:00,2026-04-17T18:24:27-07:00,1,10
style.css,71,css,626ba566,Rwang0316,2026-04-17,18:24:27,-07:00,2026-04-17T18:24:27-07:00,1,13
style.css,72,css,b719bdd9,Rwang0316,2026-04-10,15:55:19,-07:00,2026-04-10T15:55:19-07:00,0,0
style.css,73,css,b719bdd9,Rwang0316,2026-04-10,15:55:19,-07:00,2026-04-10T15:55:19-07:00,0,0
style.css,74,css,b719bdd9,Rwang0316,2026-04-10,15:55:19,-07:00,2026-04-10T15:55:19-07:00,0,4
style.css,75,css,626ba566,Rwang0316,2026-04-17,18:24:27,-07:00,2026-04-17T18:24:27-07:00,1,12
style.css,76,css,626ba566,Rwang0316,2026-04-17,18:24:27,-07:00,2026-04-17T18:24:27-07:00,1,30
style.css,77,css,626ba566,Rwang0316,2026-04-17,18:24:27,-07:00,2026-04-17T18:24:27-07:00,1,7
style.css,78,css,b719bdd9,Rwang0316,2026-04-10,15:55:19,-07:00,2026-04-10T15:55:19-07:00,0,0
style.css,79,css,b719bdd9,Rwang0316,2026-04-10,15:55:19,-07:00,2026-04-10T15:55:19-07:00,0,0
style.css,80,css,b719bdd9,Rwang0316,2026-04-10,15:55:19,-07:00,2026-04-10T15:55:19-07:00,0,10
style.css,81,css,626ba566,Rwang0316,2026-04-17,18:24:27,-07:00,2026-04-17T18:24:27-07:00,1,12
style.css,82,css,626ba566,Rwang0316,2026-04-17,18:24:27,-07:00,2026-04-17T18:24:27-07:00,1,29
style.css,83,css,626ba566,Rwang0316,2026-04-17,18:24:27,-07:00,2026-04-17T18:24:27-07:00,1,18
style.css,84,css,626ba566,Rwang0316,2026-04-17,18:24:27,-07:00,2026-04-17T18:24:27-07:00,1,18
style.css,85,css,626ba566,Rwang0316,2026-04-17,18:24:27,-07:00,2026-04-17T18:24:27-07:00,1,9
style.css,86,css,b719bdd9,Rwang0316,2026-04-10,15:55:19,-07:00,2026-04-10T15:55:19-07:00,0,0
style.css,87,css,b719bdd9,Rwang0316,2026-04-10,15:55:19,-07:00,2026-04-10T15:55:19-07:00,0,0
style.css,88,css,b719bdd9,Rwang0316,2026-04-10,15:55:19,-07:00,2026-04-10T15:55:19-07:00,0,11
style.css,89,css,626ba566,Rwang0316,2026-04-17,18:24:27,-07:00,2026-04-17T18:24:27-07:00,1,18
style.css,90,css,61d2f83e,Rwang0316,2026-04-10,16:12:25,-07:00,2026-04-10T16:12:25-07:00,0,0
style.css,91,css,61d2f83e,Rwang0316,2026-04-10,16:12:25,-07:00,2026-04-10T16:12:25-07:00,0,0
style.css,92,css,61d2f83e,Rwang0316,2026-04-10,16:12:25,-07:00,2026-04-10T16:12:25-07:00,0,9
style.css,93,css,626ba566,Rwang0316,2026-04-17,18:24:27,-07:00,2026-04-17T18:24:27-07:00,1,12
style.css,94,css,626ba566,Rwang0316,2026-04-17,18:24:27,-07:00,2026-04-17T18:24:27-07:00,1,58
style.css,95,css,626ba566,Rwang0316,2026-04-17,18:24:27,-07:00,2026-04-17T18:24:27-07:00,1,7
style.css,96,css,61d2f83e,Rwang0316,2026-04-10,16:12:25,-07:00,2026-04-10T16:12:25-07:00,0,0
style.css,97,css,61d2f83e,Rwang0316,2026-04-10,16:12:25,-07:00,2026-04-10T16:12:25-07:00,0,0
style.css,98,css,61d2f83e,Rwang0316,2026-04-10,16:12:25,-07:00,2026-04-10T16:12:25-07:00,0,17
style.css,99,css,626ba566,Rwang0316,2026-04-17,18:24:27,-07:00,2026-04-17T18:24:27-07:00,1,12
style.css,100,css,626ba566,Rwang0316,2026-04-17,18:24:27,-07:00,2026-04-17T18:24:27-07:00,1,26
style.css,101,css,626ba566,Rwang0316,2026-04-17,18:24:27,-07:00,2026-04-17T18:24:27-07:00,1,15
style.css,102,css,61d2f83e,Rwang0316,2026-04-10,16:12:25,-07:00,2026-04-10T16:12:25-07:00,0,0
style.css,103,css,61d2f83e,Rwang0316,2026-04-10,16:12:25,-07:00,2026-04-10T16:12:25-07:00,0,0
style.css,104,css,61d2f83e,Rwang0316,2026-04-10,16:12:25,-07:00,2026-04-10T16:12:25-07:00,0,12
style.css,105,css,626ba566,Rwang0316,2026-04-17,18:24:27,-07:00,2026-04-17T18:24:27-07:00,1,8
style.css,106,css,61d2f83e,Rwang0316,2026-04-10,16:12:25,-07:00,2026-04-10T16:12:25-07:00,0,0
style.css,107,css,61d2f83e,Rwang0316,2026-04-10,16:12:25,-07:00,2026-04-10T16:12:25-07:00,0,0
style.css,108,css,61d2f83e,Rwang0316,2026-04-10,16:12:25,-07:00,2026-04-10T16:12:25-07:00,0,2
style.css,109,css,626ba566,Rwang0316,2026-04-17,18:24:27,-07:00,2026-04-17T18:24:27-07:00,1,14
style.css,110,css,61d2f83e,Rwang0316,2026-04-10,16:12:25,-07:00,2026-04-10T16:12:25-07:00,0,0
style.css,111,css,61d2f83e,Rwang0316,2026-04-10,16:12:25,-07:00,2026-04-10T16:12:25-07:00,0,0
style.css,112,css,626ba566,Rwang0316,2026-04-17,18:24:27,-07:00,2026-04-17T18:24:27-07:00,0,1
style.css,113,css,626ba566,Rwang0316,2026-04-17,18:24:27,-07:00,2026-04-17T18:24:27-07:00,0,1
style.css,114,css,626ba566,Rwang0316,2026-04-17,18:24:27,-07:00,2026-04-17T18:24:27-07:00,0,1
style.css,115,css,626ba566,Rwang0316,2026-04-17,18:24:27,-07:00,2026-04-17T18:24:27-07:00,0,1
style.css,116,css,626ba566,Rwang0316,2026-04-17,18:24:27,-07:00,2026-04-17T18:24:27-07:00,0,1
style.css,117,css,626ba566,Rwang0316,2026-04-17,18:24:27,-07:00,2026-04-17T18:24:27-07:00,0,2
style.css,118,css,626ba566,Rwang0316,2026-04-17,18:24:27,-07:00,2026-04-17T18:24:27-07:00,1,15
style.css,119,css,626ba566,Rwang0316,2026-04-17,18:24:27,-07:00,2026-04-17T18:24:27-07:00,1,17
style.css,120,css,9f8c67c4,Rwang0316,2026-04-10,16:21:10,-07:00,2026-04-10T16:21:10-07:00,0,0
style.css,121,css,9f8c67c4,Rwang0316,2026-04-10,16:21:10,-07:00,2026-04-10T16:21:10-07:00,0,0
style.css,122,css,9f8c67c4,Rwang0316,2026-04-10,16:21:10,-07:00,2026-04-10T16:21:10-07:00,0,15
style.css,123,css,626ba566,Rwang0316,2026-04-17,18:24:27,-07:00,2026-04-17T18:24:27-07:00,1,17
style.css,124,css,9f8c67c4,Rwang0316,2026-04-10,16:21:10,-07:00,2026-04-10T16:21:10-07:00,0,0
style.css,125,css,9f8c67c4,Rwang0316,2026-04-10,16:21:10,-07:00,2026-04-10T16:21:10-07:00,0,0
style.css,126,css,9f8c67c4,Rwang0316,2026-04-10,16:21:10,-07:00,2026-04-10T16:21:10-07:00,0,10
style.css,127,css,626ba566,Rwang0316,2026-04-17,18:24:27,-07:00,2026-04-17T18:24:27-07:00,1,41
style.css,128,css,626ba566,Rwang0316,2026-04-17,18:24:27,-07:00,2026-04-17T18:24:27-07:00,1,20
style.css,129,css,626ba566,Rwang0316,2026-04-17,18:24:27,-07:00,2026-04-17T18:24:27-07:00,1,19
style.css,130,css,9f8c67c4,Rwang0316,2026-04-10,16:21:10,-07:00,2026-04-10T16:21:10-07:00,0,0
style.css,131,css,9f8c67c4,Rwang0316,2026-04-10,16:21:10,-07:00,2026-04-10T16:21:10-07:00,0,0
style.css,132,css,9f8c67c4,Rwang0316,2026-04-10,16:21:10,-07:00,2026-04-10T16:21:10-07:00,0,15
style.css,133,css,626ba566,Rwang0316,2026-04-17,18:24:27,-07:00,2026-04-17T18:24:27-07:00,1,17
style.css,134,css,9f8c67c4,Rwang0316,2026-04-10,16:21:10,-07:00,2026-04-10T16:21:10-07:00,0,0
style.css,135,css,9f8c67c4,Rwang0316,2026-04-10,16:21:10,-07:00,2026-04-10T16:21:10-07:00,0,0
style.css,136,css,9f8c67c4,Rwang0316,2026-04-10,16:21:10,-07:00,2026-04-10T16:21:10-07:00,0,10
style.css,137,css,626ba566,Rwang0316,2026-04-17,18:24:27,-07:00,2026-04-17T18:24:27-07:00,1,8
style.css,138,css,9f8c67c4,Rwang0316,2026-04-10,16:21:10,-07:00,2026-04-10T16:21:10-07:00,0,0
style.css,139,css,9f8c67c4,Rwang0316,2026-04-10,16:21:10,-07:00,2026-04-10T16:21:10-07:00,0,0
style.css,140,css,9f8c67c4,Rwang0316,2026-04-10,16:21:10,-07:00,2026-04-10T16:21:10-07:00,0,12
style.css,141,css,626ba566,Rwang0316,2026-04-17,18:24:27,-07:00,2026-04-17T18:24:27-07:00,1,15
style.css,142,css,626ba566,Rwang0316,2026-04-17,18:24:27,-07:00,2026-04-17T18:24:27-07:00,1,10
style.css,143,css,9f8c67c4,Rwang0316,2026-04-10,16:21:10,-07:00,2026-04-10T16:21:10-07:00,0,0
style.css,144,css,9f8c67c4,Rwang0316,2026-04-10,16:21:10,-07:00,2026-04-10T16:21:10-07:00,0,0
style.css,145,css,9f8c67c4,Rwang0316,2026-04-10,16:21:10,-07:00,2026-04-10T16:21:10-07:00,0,10
style.css,146,css,626ba566,Rwang0316,2026-04-17,18:24:27,-07:00,2026-04-17T18:24:27-07:00,1,18
style.css,147,css,9f8c67c4,Rwang0316,2026-04-10,16:21:10,-07:00,2026-04-10T16:21:10-07:00,0,0
style.css,148,css,9f8c67c4,Rwang0316,2026-04-10,16:21:10,-07:00,2026-04-10T16:21:10-07:00,0,0
style.css,149,css,9f8c67c4,Rwang0316,2026-04-10,16:21:10,-07:00,2026-04-10T16:21:10-07:00,0,10
style.css,150,css,626ba566,Rwang0316,2026-04-17,18:24:27,-07:00,2026-04-17T18:24:27-07:00,1,19
style.css,151,css,2858026f,Rwang0316,2026-05-01,23:05:25,-07:00,2026-05-01T23:05:25-07:00,0,0
style.css,152,css,2858026f,Rwang0316,2026-05-01,23:05:25,-07:00,2026-05-01T23:05:25-07:00,0,0
style.css,153,css,2858026f,Rwang0316,2026-05-01,23:05:25,-07:00,2026-05-01T23:05:25-07:00,0,13
style.css,154,css,2858026f,Rwang0316,2026-05-01,23:05:25,-07:00,2026-05-01T23:05:25-07:00,1,17
style.css,155,css,2858026f,Rwang0316,2026-05-01,23:05:25,-07:00,2026-05-01T23:05:25-07:00,1,10
style.css,156,css,2858026f,Rwang0316,2026-05-01,23:05:25,-07:00,2026-05-01T23:05:25-07:00,1,16
style.css,157,css,2858026f,Rwang0316,2026-05-01,23:05:25,-07:00,2026-05-01T23:05:25-07:00,0,0
style.css,158,css,2858026f,Rwang0316,2026-05-01,23:05:25,-07:00,2026-05-01T23:05:25-07:00,0,0
style.css,159,css,2858026f,Rwang0316,2026-05-01,23:05:25,-07:00,2026-05-01T23:05:25-07:00,0,18
style.css,160,css,2858026f,Rwang0316,2026-05-01,23:05:25,-07:00,2026-05-01T23:05:25-07:00,1,14
style.css,161,css,2858026f,Rwang0316,2026-05-01,23:05:25,-07:00,2026-05-01T23:05:25-07:00,1,16
style.css,162,css,2858026f,Rwang0316,2026-05-01,23:05:25,-07:00,2026-05-01T23:05:25-07:00,1,16
style.css,163,css,2858026f,Rwang0316,2026-05-01,23:05:25,-07:00,2026-05-01T23:05:25-07:00,0,0
style.css,164,css,2858026f,Rwang0316,2026-05-01,23:05:25,-07:00,2026-05-01T23:05:25-07:00,0,0
style.css,165,css,2858026f,Rwang0316,2026-05-01,23:05:25,-07:00,2026-05-01T23:05:25-07:00,0,7
style.css,166,css,2858026f,Rwang0316,2026-05-01,23:05:25,-07:00,2026-05-01T23:05:25-07:00,1,12
style.css,167,css,2858026f,Rwang0316,2026-05-01,23:05:25,-07:00,2026-05-01T23:05:25-07:00,1,57
style.css,168,css,2858026f,Rwang0316,2026-05-01,23:05:25,-07:00,2026-05-01T23:05:25-07:00,1,7
style.css,169,css,2858026f,Rwang0316,2026-05-01,23:05:25,-07:00,2026-05-01T23:05:25-07:00,1,42
style.css,170,css,2858026f,Rwang0316,2026-05-01,23:05:25,-07:00,2026-05-01T23:05:25-07:00,1,11
style.css,171,css,2858026f,Rwang0316,2026-05-01,23:05:25,-07:00,2026-05-01T23:05:25-07:00,1,20
style.css,172,css,2858026f,Rwang0316,2026-05-01,23:05:25,-07:00,2026-05-01T23:05:25-07:00,1,15
style.css,173,css,2858026f,Rwang0316,2026-05-01,23:05:25,-07:00,2026-05-01T23:05:25-07:00,0,0
style.css,174,css,2858026f,Rwang0316,2026-05-01,23:05:25,-07:00,2026-05-01T23:05:25-07:00,0,0
style.css,175,css,2858026f,Rwang0316,2026-05-01,23:05:25,-07:00,2026-05-01T23:05:25-07:00,0,12
style.css,176,css,2858026f,Rwang0316,2026-05-01,23:05:25,-07:00,2026-05-01T23:05:25-07:00,1,12
style.css,177,css,2858026f,Rwang0316,2026-05-01,23:05:25,-07:00,2026-05-01T23:05:25-07:00,1,18
style.css,178,css,2858026f,Rwang0316,2026-05-01,23:05:25,-07:00,2026-05-01T23:05:25-07:00,1,9
style.css,179,css,2858026f,Rwang0316,2026-05-01,23:05:25,-07:00,2026-05-01T23:05:25-07:00,0,0
style.css,180,css,2858026f,Rwang0316,2026-05-01,23:05:25,-07:00,2026-05-01T23:05:25-07:00,0,0
style.css,181,css,2858026f,Rwang0316,2026-05-01,23:05:25,-07:00,2026-05-01T23:05:25-07:00,0,7
style.css,182,css,2858026f,Rwang0316,2026-05-01,23:05:25,-07:00,2026-05-01T23:05:25-07:00,1,20
style.css,183,css,2858026f,Rwang0316,2026-05-01,23:05:25,-07:00,2026-05-01T23:05:25-07:00,1,9
style.css,184,css,2858026f,Rwang0316,2026-05-01,23:05:25,-07:00,2026-05-01T23:05:25-07:00,1,18
style.css,185,css,2858026f,Rwang0316,2026-05-01,23:05:25,-07:00,2026-05-01T23:05:25-07:00,1,29
style.css,186,css,2858026f,Rwang0316,2026-05-01,23:05:25,-07:00,2026-05-01T23:05:25-07:00,1,17
style.css,187,css,2858026f,Rwang0316,2026-05-01,23:05:25,-07:00,2026-05-01T23:05:25-07:00,0,0
style.css,188,css,2858026f,Rwang0316,2026-05-01,23:05:25,-07:00,2026-05-01T23:05:25-07:00,0,0
style.css,189,css,2858026f,Rwang0316,2026-05-01,23:05:25,-07:00,2026-05-01T23:05:25-07:00,0,16
style.css,190,css,2858026f,Rwang0316,2026-05-01,23:05:25,-07:00,2026-05-01T23:05:25-07:00,1,12
style.css,191,css,2858026f,Rwang0316,2026-05-01,23:05:25,-07:00,2026-05-01T23:05:25-07:00,1,18
style.css,192,css,2858026f,Rwang0316,2026-05-01,23:05:25,-07:00,2026-05-01T23:05:25-07:00,1,7
style.css,193,css,2858026f,Rwang0316,2026-05-01,23:05:25,-07:00,2026-05-01T23:05:25-07:00,0,0
style.css,194,css,2858026f,Rwang0316,2026-05-01,23:05:25,-07:00,2026-05-01T23:05:25-07:00,0,0
style.css,195,css,2858026f,Rwang0316,2026-05-01,23:05:25,-07:00,2026-05-01T23:05:25-07:00,0,24
style.css,196,css,2858026f,Rwang0316,2026-05-01,23:05:25,-07:00,2026-05-01T23:05:25-07:00,1,6
style.css,197,css,2858026f,Rwang0316,2026-05-01,23:05:25,-07:00,2026-05-01T23:05:25-07:00,0,0
style.css,198,css,2858026f,Rwang0316,2026-05-01,23:05:25,-07:00,2026-05-01T23:05:25-07:00,0,0
style.css,199,css,2858026f,Rwang0316,2026-05-01,23:05:25,-07:00,2026-05-01T23:05:25-07:00,0,10
style.css,200,css,2858026f,Rwang0316,2026-05-01,23:05:25,-07:00,2026-05-01T23:05:25-07:00,1,10
style.css,201,css,2858026f,Rwang0316,2026-05-01,23:05:25,-07:00,2026-05-01T23:05:25-07:00,1,17
style.css,202,css,2858026f,Rwang0316,2026-05-01,23:05:25,-07:00,2026-05-01T23:05:25-07:00,1,14
style.css,203,css,2858026f,Rwang0316,2026-05-01,23:05:25,-07:00,2026-05-01T23:05:25-07:00,1,12
style.css,204,css,2858026f,Rwang0316,2026-05-01,23:05:25,-07:00,2026-05-01T23:05:25-07:00,0,0
style.css,205,css,2858026f,Rwang0316,2026-05-01,23:05:25,-07:00,2026-05-01T23:05:25-07:00,0,0
style.css,206,css,2858026f,Rwang0316,2026-05-01,23:05:25,-07:00,2026-05-01T23:05:25-07:00,0,36
style.css,207,css,2858026f,Rwang0316,2026-05-01,23:05:25,-07:00,2026-05-01T23:05:25-07:00,1,11
style.css,208,css,2858026f,Rwang0316,2026-05-01,23:05:25,-07:00,2026-05-01T23:05:25-07:00,0,0
style.css,209,css,2858026f,Rwang0316,2026-05-01,23:05:25,-07:00,2026-05-01T23:05:25-07:00,0,0
style.css,210,css,2858026f,Rwang0316,2026-05-01,23:05:25,-07:00,2026-05-01T23:05:25-07:00,0,4
style.css,211,css,2858026f,Rwang0316,2026-05-01,23:05:25,-07:00,2026-05-01T23:05:25-07:00,1,16
style.css,212,css,2858026f,Rwang0316,2026-05-01,23:05:25,-07:00,2026-05-01T23:05:25-07:00,1,14
style.css,213,css,2858026f,Rwang0316,2026-05-01,23:05:25,-07:00,2026-05-01T23:05:25-07:00,0,0
style.css,214,css,2858026f,Rwang0316,2026-05-01,23:05:25,-07:00,2026-05-01T23:05:25-07:00,0,0
style.css,215,css,2858026f,Rwang0316,2026-05-01,23:05:25,-07:00,2026-05-01T23:05:25-07:00,0,9
style.css,216,css,2858026f,Rwang0316,2026-05-01,23:05:25,-07:00,2026-05-01T23:05:25-07:00,1,35
style.css,217,css,2858026f,Rwang0316,2026-05-01,23:05:25,-07:00,2026-05-01T23:05:25-07:00,0,0
style.css,218,css,2858026f,Rwang0316,2026-05-01,23:05:25,-07:00,2026-05-01T23:05:25-07:00,0,0
style.css,219,css,2858026f,Rwang0316,2026-05-01,23:05:25,-07:00,2026-05-01T23:05:25-07:00,0,18
style.css,220,css,2858026f,Rwang0316,2026-05-01,23:05:25,-07:00,2026-05-01T23:05:25-07:00,1,17
style.css,221,css,609f61ef,Rwang0316,2026-04-03,16:21:44,-07:00,2026-04-03T16:21:44-07:00,0,0
index.js,1,js,fbe83992,Rwang0316,2026-04-24,16:23:42,-07:00,2026-04-24T16:23:42-07:00,0,71
index.js,2,js,fbe83992,Rwang0316,2026-04-24,16:23:42,-07:00,2026-04-24T16:23:42-07:00,0,0
index.js,3,js,fbe83992,Rwang0316,2026-04-24,16:23:42,-07:00,2026-04-24T16:23:42-07:00,0,54
index.js,4,js,fbe83992,Rwang0316,2026-04-24,16:23:42,-07:00,2026-04-24T16:23:42-07:00,0,0
index.js,5,js,fbe83992,Rwang0316,2026-04-24,16:23:42,-07:00,2026-04-24T16:23:42-07:00,0,42
index.js,6,js,fbe83992,Rwang0316,2026-04-24,16:23:42,-07:00,2026-04-24T16:23:42-07:00,0,0
index.js,7,js,fbe83992,Rwang0316,2026-04-24,16:23:42,-07:00,2026-04-24T16:23:42-07:00,0,60
index.js,8,js,fbe83992,Rwang0316,2026-04-24,16:23:42,-07:00,2026-04-24T16:23:42-07:00,0,0
index.js,9,js,fbe83992,Rwang0316,2026-04-24,16:23:42,-07:00,2026-04-24T16:23:42-07:00,0,54
index.js,10,js,fbe83992,Rwang0316,2026-04-24,16:23:42,-07:00,2026-04-24T16:23:42-07:00,0,0
index.js,11,js,fbe83992,Rwang0316,2026-04-24,16:23:42,-07:00,2026-04-24T16:23:42-07:00,0,52
index.js,12,js,fbe83992,Rwang0316,2026-04-24,16:23:42,-07:00,2026-04-24T16:23:42-07:00,0,0
index.js,13,js,fbe83992,Rwang0316,2026-04-24,16:23:42,-07:00,2026-04-24T16:23:42-07:00,0,22
index.js,14,js,fbe83992,Rwang0316,2026-04-24,16:23:42,-07:00,2026-04-24T16:23:42-07:00,0,0
index.js,15,js,fbe83992,Rwang0316,2026-04-24,16:23:42,-07:00,2026-04-24T16:23:42-07:00,0,60
index.js,16,js,fbe83992,Rwang0316,2026-04-24,16:23:42,-07:00,2026-04-24T16:23:42-07:00,0,0
index.js,17,js,fbe83992,Rwang0316,2026-04-24,16:23:42,-07:00,2026-04-24T16:23:42-07:00,0,17
index.js,18,js,fbe83992,Rwang0316,2026-04-24,16:23:42,-07:00,2026-04-24T16:23:42-07:00,1,24
index.js,19,js,fbe83992,Rwang0316,2026-04-24,16:23:42,-07:00,2026-04-24T16:23:42-07:00,2,2
index.js,20,js,fbe83992,Rwang0316,2026-04-24,16:23:42,-07:00,2026-04-24T16:23:42-07:00,3,55
index.js,21,js,fbe83992,Rwang0316,2026-04-24,16:23:42,-07:00,2026-04-24T16:23:42-07:00,3,55
index.js,22,js,fbe83992,Rwang0316,2026-04-24,16:23:42,-07:00,2026-04-24T16:23:42-07:00,3,49
index.js,23,js,fbe83992,Rwang0316,2026-04-24,16:23:42,-07:00,2026-04-24T16:23:42-07:00,3,49
index.js,24,js,fbe83992,Rwang0316,2026-04-24,16:23:42,-07:00,2026-04-24T16:23:42-07:00,2,3
index.js,25,js,fbe83992,Rwang0316,2026-04-24,16:23:42,-07:00,2026-04-24T16:23:42-07:00,1,0
index.js,26,js,fbe83992,Rwang0316,2026-04-24,16:23:42,-07:00,2026-04-24T16:23:42-07:00,0,0
index.html,1,html,ce715e9d,Rwang0316,2026-04-03,15:44:10,-07:00,2026-04-03T15:44:10-07:00,0,13
index.html,2,html,ce715e9d,Rwang0316,2026-04-03,15:44:10,-07:00,2026-04-03T15:44:10-07:00,0,14
index.html,3,html,ce715e9d,Rwang0316,2026-04-03,15:44:10,-07:00,2026-04-03T15:44:10-07:00,0,4
index.html,4,html,ce715e9d,Rwang0316,2026-04-03,15:44:10,-07:00,2026-04-03T15:44:10-07:00,2,20
index.html,5,html,ce715e9d,Rwang0316,2026-04-03,15:44:10,-07:00,2026-04-03T15:44:10-07:00,2,68
index.html,6,html,ce715e9d,Rwang0316,2026-04-03,15:44:10,-07:00,2026-04-03T15:44:10-07:00,2,54
index.html,7,html,da133f47,Rwang0316,2026-04-03,15:59:33,-07:00,2026-04-03T15:59:33-07:00,2,38
index.html,8,html,ce715e9d,Rwang0316,2026-04-03,15:44:10,-07:00,2026-04-03T15:44:10-07:00,0,5
index.html,9,html,ce715e9d,Rwang0316,2026-04-03,15:44:10,-07:00,2026-04-03T15:44:10-07:00,0,4
index.html,10,html,689513ea,Rwang0316,2026-04-17,18:09:17,-07:00,2026-04-17T18:09:17-07:00,2,0
index.html,11,html,ce715e9d,Rwang0316,2026-04-03,15:44:10,-07:00,2026-04-03T15:44:10-07:00,2,19
index.html,12,html,ce715e9d,Rwang0316,2026-04-03,15:44:10,-07:00,2026-04-03T15:44:10-07:00,2,105
index.html,13,html,204505d5,Rwang0316,2026-05-08,16:49:48,-07:00,2026-05-08T16:49:48-07:00,2,78
index.html,14,html,fbe83992,Rwang0316,2026-04-24,16:23:42,-07:00,2026-04-24T16:23:42-07:00,2,0
index.html,15,html,fbe83992,Rwang0316,2026-04-24,16:23:42,-07:00,2026-04-24T16:23:42-07:00,2,22
index.html,16,html,fbe83992,Rwang0316,2026-04-24,16:23:42,-07:00,2026-04-24T16:23:42-07:00,2,26
index.html,17,html,fbe83992,Rwang0316,2026-04-24,16:23:42,-07:00,2026-04-24T16:23:42-07:00,0,0
index.html,18,html,fbe83992,Rwang0316,2026-04-24,16:23:42,-07:00,2026-04-24T16:23:42-07:00,2,22
index.html,19,html,fbe83992,Rwang0316,2026-04-24,16:23:42,-07:00,2026-04-24T16:23:42-07:00,2,28
index.html,20,html,fbe83992,Rwang0316,2026-04-24,16:23:42,-07:00,2026-04-24T16:23:42-07:00,2,0
index.html,21,html,fbe83992,Rwang0316,2026-04-24,16:23:42,-07:00,2026-04-24T16:23:42-07:00,2,50
index.html,22,html,ce715e9d,Rwang0316,2026-04-03,15:44:10,-07:00,2026-04-03T15:44:10-07:00,0,5
index.html,23,html,ce715e9d,Rwang0316,2026-04-03,15:44:10,-07:00,2026-04-03T15:44:10-07:00,0,5
global.js,1,js,fbe83992,Rwang0316,2026-04-24,16:23:42,-07:00,2026-04-24T16:23:42-07:00,0,47
global.js,2,js,fbe83992,Rwang0316,2026-04-24,16:23:42,-07:00,2026-04-24T16:23:42-07:00,1,59
global.js,3,js,fbe83992,Rwang0316,2026-04-24,16:23:42,-07:00,2026-04-24T16:23:42-07:00,0,0
global.js,4,js,fbe83992,Rwang0316,2026-04-24,16:23:42,-07:00,2026-04-24T16:23:42-07:00,0,0
global.js,5,js,fbe83992,Rwang0316,2026-04-24,16:23:42,-07:00,2026-04-24T16:23:42-07:00,0,79
global.js,6,js,fbe83992,Rwang0316,2026-04-24,16:23:42,-07:00,2026-04-24T16:23:42-07:00,1,30
global.js,7,js,fbe83992,Rwang0316,2026-04-24,16:23:42,-07:00,2026-04-24T16:23:42-07:00,0,0
global.js,8,js,fbe83992,Rwang0316,2026-04-24,16:23:42,-07:00,2026-04-24T16:23:42-07:00,1,29
global.js,9,js,fbe83992,Rwang0316,2026-04-24,16:23:42,-07:00,2026-04-24T16:23:42-07:00,2,48
global.js,10,js,fbe83992,Rwang0316,2026-04-24,16:23:42,-07:00,2026-04-24T16:23:42-07:00,0,0
global.js,11,js,fbe83992,Rwang0316,2026-04-24,16:23:42,-07:00,2026-04-24T16:23:42-07:00,2,19
global.js,12,js,fbe83992,Rwang0316,2026-04-24,16:23:42,-07:00,2026-04-24T16:23:42-07:00,3,49
global.js,13,js,fbe83992,Rwang0316,2026-04-24,16:23:42,-07:00,2026-04-24T16:23:42-07:00,3,49
global.js,14,js,2858026f,Rwang0316,2026-05-01,23:05:25,-07:00,2026-05-01T23:05:25-07:00,3,3
global.js,15,js,2858026f,Rwang0316,2026-05-01,23:05:25,-07:00,2026-05-01T23:05:25-07:00,4,27
global.js,16,js,2858026f,Rwang0316,2026-05-01,23:05:25,-07:00,2026-05-01T23:05:25-07:00,4,44
global.js,17,js,2858026f,Rwang0316,2026-05-01,23:05:25,-07:00,2026-05-01T23:05:25-07:00,3,4
global.js,18,js,fbe83992,Rwang0316,2026-04-24,16:23:42,-07:00,2026-04-24T16:23:42-07:00,2,0
global.js,19,js,fbe83992,Rwang0316,2026-04-24,16:23:42,-07:00,2026-04-24T16:23:42-07:00,0,0
global.js,20,js,fbe83992,Rwang0316,2026-04-24,16:23:42,-07:00,2026-04-24T16:23:42-07:00,2,36
global.js,21,js,fbe83992,Rwang0316,2026-04-24,16:23:42,-07:00,2026-04-24T16:23:42-07:00,1,0
global.js,22,js,fbe83992,Rwang0316,2026-04-24,16:23:42,-07:00,2026-04-24T16:23:42-07:00,0,0
global.js,23,js,fbe83992,Rwang0316,2026-04-24,16:23:42,-07:00,2026-04-24T16:23:42-07:00,0,0
global.js,24,js,1cc8697a,Rwang0316,2026-04-24,15:15:50,-07:00,2026-04-24T15:15:50-07:00,0,36
global.js,25,js,1cc8697a,Rwang0316,2026-04-24,15:15:50,-07:00,2026-04-24T15:15:50-07:00,1,3
global.js,26,js,1cc8697a,Rwang0316,2026-04-24,15:15:50,-07:00,2026-04-24T15:15:50-07:00,2,32
global.js,27,js,1cc8697a,Rwang0316,2026-04-24,15:15:50,-07:00,2026-04-24T15:15:50-07:00,0,0
global.js,28,js,03ae13c0,Rwang0316,2026-04-24,15:18:34,-07:00,2026-04-24T15:18:34-07:00,2,20
global.js,29,js,fbe83992,Rwang0316,2026-04-24,16:23:42,-07:00,2026-04-24T16:23:42-07:00,0,0
global.js,30,js,1cc8697a,Rwang0316,2026-04-24,15:15:50,-07:00,2026-04-24T15:15:50-07:00,2,17
global.js,31,js,1cc8697a,Rwang0316,2026-04-24,15:15:50,-07:00,2026-04-24T15:15:50-07:00,3,57
global.js,32,js,1cc8697a,Rwang0316,2026-04-24,15:15:50,-07:00,2026-04-24T15:15:50-07:00,2,0
global.js,33,js,1cc8697a,Rwang0316,2026-04-24,15:15:50,-07:00,2026-04-24T15:15:50-07:00,0,0
global.js,34,js,1cc8697a,Rwang0316,2026-04-24,15:15:50,-07:00,2026-04-24T15:15:50-07:00,2,33
global.js,35,js,1cc8697a,Rwang0316,2026-04-24,15:15:50,-07:00,2026-04-24T15:15:50-07:00,2,10
global.js,36,js,1cc8697a,Rwang0316,2026-04-24,15:15:50,-07:00,2026-04-24T15:15:50-07:00,0,0
global.js,37,js,1cc8697a,Rwang0316,2026-04-24,15:15:50,-07:00,2026-04-24T15:15:50-07:00,1,15
global.js,38,js,1cc8697a,Rwang0316,2026-04-24,15:15:50,-07:00,2026-04-24T15:15:50-07:00,2,43
global.js,39,js,1cc8697a,Rwang0316,2026-04-24,15:15:50,-07:00,2026-04-24T15:15:50-07:00,1,0
global.js,40,js,1cc8697a,Rwang0316,2026-04-24,15:15:50,-07:00,2026-04-24T15:15:50-07:00,0,0
global.js,41,js,1cc8697a,Rwang0316,2026-04-24,15:15:50,-07:00,2026-04-24T15:15:50-07:00,0,0
global.js,42,js,1cc8697a,Rwang0316,2026-04-24,15:15:50,-07:00,2026-04-24T15:15:50-07:00,0,0
global.js,43,js,0d9cb995,Rwang0316,2026-04-17,17:57:56,-07:00,2026-04-17T17:57:56-07:00,0,25
global.js,44,js,0d9cb995,Rwang0316,2026-04-17,17:57:56,-07:00,2026-04-17T17:57:56-07:00,0,0
global.js,45,js,0d9cb995,Rwang0316,2026-04-17,17:57:56,-07:00,2026-04-17T17:57:56-07:00,0,41
global.js,46,js,0d9cb995,Rwang0316,2026-04-17,17:57:56,-07:00,2026-04-17T17:57:56-07:00,1,52
global.js,47,js,0d9cb995,Rwang0316,2026-04-17,17:57:56,-07:00,2026-04-17T17:57:56-07:00,0,0
global.js,48,js,0d9cb995,Rwang0316,2026-04-17,17:57:56,-07:00,2026-04-17T17:57:56-07:00,0,0
global.js,49,js,689513ea,Rwang0316,2026-04-17,18:09:17,-07:00,2026-04-17T18:09:17-07:00,0,11
global.js,50,js,689513ea,Rwang0316,2026-04-17,18:09:17,-07:00,2026-04-17T18:09:17-07:00,1,25
global.js,51,js,689513ea,Rwang0316,2026-04-17,18:09:17,-07:00,2026-04-17T18:09:17-07:00,1,38
global.js,52,js,689513ea,Rwang0316,2026-04-17,18:09:17,-07:00,2026-04-17T18:09:17-07:00,1,36
global.js,53,js,689513ea,Rwang0316,2026-04-17,18:09:17,-07:00,2026-04-17T18:09:17-07:00,1,34
global.js,54,js,689513ea,Rwang0316,2026-04-17,18:09:17,-07:00,2026-04-17T18:09:17-07:00,1,54
global.js,55,js,689513ea,Rwang0316,2026-04-17,18:09:17,-07:00,2026-04-17T18:09:17-07:00,0,0
global.js,56,js,0d9cb995,Rwang0316,2026-04-17,17:57:56,-07:00,2026-04-17T17:57:56-07:00,0,0
global.js,57,js,689513ea,Rwang0316,2026-04-17,18:09:17,-07:00,2026-04-17T18:09:17-07:00,0,15
global.js,58,js,689513ea,Rwang0316,2026-04-17,18:09:17,-07:00,2026-04-17T18:09:17-07:00,1,70
global.js,59,js,689513ea,Rwang0316,2026-04-17,18:09:17,-07:00,2026-04-17T18:09:17-07:00,2,3
global.js,60,js,626ba566,Rwang0316,2026-04-17,18:24:27,-07:00,2026-04-17T18:24:27-07:00,2,14
global.js,61,js,0d9cb995,Rwang0316,2026-04-17,17:57:56,-07:00,2026-04-17T17:57:56-07:00,0,0
global.js,62,js,689513ea,Rwang0316,2026-04-17,18:09:17,-07:00,2026-04-17T18:09:17-07:00,0,38
global.js,63,js,689513ea,Rwang0316,2026-04-17,18:09:17,-07:00,2026-04-17T18:09:17-07:00,0,25
global.js,64,js,689513ea,Rwang0316,2026-04-17,18:09:17,-07:00,2026-04-17T18:09:17-07:00,0,0
global.js,65,js,689513ea,Rwang0316,2026-04-17,18:09:17,-07:00,2026-04-17T18:09:17-07:00,0,20
global.js,66,js,689513ea,Rwang0316,2026-04-17,18:09:17,-07:00,2026-04-17T18:09:17-07:00,1,14
global.js,67,js,689513ea,Rwang0316,2026-04-17,18:09:17,-07:00,2026-04-17T18:09:17-07:00,0,0
global.js,68,js,689513ea,Rwang0316,2026-04-17,18:09:17,-07:00,2026-04-17T18:09:17-07:00,1,52
global.js,69,js,689513ea,Rwang0316,2026-04-17,18:09:17,-07:00,2026-04-17T18:09:17-07:00,0,0
global.js,70,js,689513ea,Rwang0316,2026-04-17,18:09:17,-07:00,2026-04-17T18:09:17-07:00,1,34
global.js,71,js,689513ea,Rwang0316,2026-04-17,18:09:17,-07:00,2026-04-17T18:09:17-07:00,1,11
global.js,72,js,689513ea,Rwang0316,2026-04-17,18:09:17,-07:00,2026-04-17T18:09:17-07:00,1,22
global.js,73,js,689513ea,Rwang0316,2026-04-17,18:09:17,-07:00,2026-04-17T18:09:17-07:00,0,0
global.js,74,js,689513ea,Rwang0316,2026-04-17,18:09:17,-07:00,2026-04-17T18:09:17-07:00,1,17
global.js,75,js,689513ea,Rwang0316,2026-04-17,18:09:17,-07:00,2026-04-17T18:09:17-07:00,2,8
global.js,76,js,689513ea,Rwang0316,2026-04-17,18:09:17,-07:00,2026-04-17T18:09:17-07:00,2,58
global.js,77,js,689513ea,Rwang0316,2026-04-17,18:09:17,-07:00,2026-04-17T18:09:17-07:00,1,0
global.js,78,js,689513ea,Rwang0316,2026-04-17,18:09:17,-07:00,2026-04-17T18:09:17-07:00,0,0
global.js,79,js,689513ea,Rwang0316,2026-04-17,18:09:17,-07:00,2026-04-17T18:09:17-07:00,1,29
global.js,80,js,689513ea,Rwang0316,2026-04-17,18:09:17,-07:00,2026-04-17T18:09:17-07:00,2,18
global.js,81,js,689513ea,Rwang0316,2026-04-17,18:09:17,-07:00,2026-04-17T18:09:17-07:00,1,0
global.js,82,js,689513ea,Rwang0316,2026-04-17,18:09:17,-07:00,2026-04-17T18:09:17-07:00,0,0
global.js,83,js,689513ea,Rwang0316,2026-04-17,18:09:17,-07:00,2026-04-17T18:09:17-07:00,1,12
global.js,84,js,626ba566,Rwang0316,2026-04-17,18:24:27,-07:00,2026-04-17T18:24:27-07:00,0,0
global.js,85,js,626ba566,Rwang0316,2026-04-17,18:24:27,-07:00,2026-04-17T18:24:27-07:00,0,0
global.js,86,js,626ba566,Rwang0316,2026-04-17,18:24:27,-07:00,2026-04-17T18:24:27-07:00,0,31
global.js,87,js,626ba566,Rwang0316,2026-04-17,18:24:27,-07:00,2026-04-17T18:24:27-07:00,1,11
global.js,88,js,626ba566,Rwang0316,2026-04-17,18:24:27,-07:00,2026-04-17T18:24:27-07:00,1,0
global.js,89,js,626ba566,Rwang0316,2026-04-17,18:24:27,-07:00,2026-04-17T18:24:27-07:00,2,26
global.js,90,js,626ba566,Rwang0316,2026-04-17,18:24:27,-07:00,2026-04-17T18:24:27-07:00,3,4
global.js,91,js,626ba566,Rwang0316,2026-04-17,18:24:27,-07:00,2026-04-17T18:24:27-07:00,3,6
global.js,92,js,626ba566,Rwang0316,2026-04-17,18:24:27,-07:00,2026-04-17T18:24:27-07:00,4,43
global.js,93,js,626ba566,Rwang0316,2026-04-17,18:24:27,-07:00,2026-04-17T18:24:27-07:00,4,34
global.js,94,js,626ba566,Rwang0316,2026-04-17,18:24:27,-07:00,2026-04-17T18:24:27-07:00,4,32
global.js,95,js,626ba566,Rwang0316,2026-04-17,18:24:27,-07:00,2026-04-17T18:24:27-07:00,3,7
global.js,96,js,626ba566,Rwang0316,2026-04-17,18:24:27,-07:00,2026-04-17T18:24:27-07:00,2,6
global.js,97,js,626ba566,Rwang0316,2026-04-17,18:24:27,-07:00,2026-04-17T18:24:27-07:00,1,0
global.js,98,js,626ba566,Rwang0316,2026-04-17,18:24:27,-07:00,2026-04-17T18:24:27-07:00,0,0
global.js,99,js,626ba566,Rwang0316,2026-04-17,18:24:27,-07:00,2026-04-17T18:24:27-07:00,0,0
global.js,100,js,626ba566,Rwang0316,2026-04-17,18:24:27,-07:00,2026-04-17T18:24:27-07:00,0,58
global.js,101,js,626ba566,Rwang0316,2026-04-17,18:24:27,-07:00,2026-04-17T18:24:27-07:00,0,0
global.js,102,js,626ba566,Rwang0316,2026-04-17,18:24:27,-07:00,2026-04-17T18:24:27-07:00,0,34
global.js,103,js,626ba566,Rwang0316,2026-04-17,18:24:27,-07:00,2026-04-17T18:24:27-07:00,1,83
global.js,104,js,626ba566,Rwang0316,2026-04-17,18:24:27,-07:00,2026-04-17T18:24:27-07:00,1,38
global.js,105,js,626ba566,Rwang0316,2026-04-17,18:24:27,-07:00,2026-04-17T18:24:27-07:00,0,0
global.js,106,js,626ba566,Rwang0316,2026-04-17,18:24:27,-07:00,2026-04-17T18:24:27-07:00,0,0
global.js,107,js,626ba566,Rwang0316,2026-04-17,18:24:27,-07:00,2026-04-17T18:24:27-07:00,0,49
global.js,108,js,626ba566,Rwang0316,2026-04-17,18:24:27,-07:00,2026-04-17T18:24:27-07:00,1,77
global.js,109,js,626ba566,Rwang0316,2026-04-17,18:24:27,-07:00,2026-04-17T18:24:27-07:00,1,44
global.js,110,js,626ba566,Rwang0316,2026-04-17,18:24:27,-07:00,2026-04-17T18:24:27-07:00,0,1
resume\index.html,1,html,a7edd124,Rwang0316,2026-04-03,16:36:32,-07:00,2026-04-03T16:36:32-07:00,0,13
resume\index.html,2,html,a7edd124,Rwang0316,2026-04-03,16:36:32,-07:00,2026-04-03T16:36:32-07:00,0,14
resume\index.html,3,html,a7edd124,Rwang0316,2026-04-03,16:36:32,-07:00,2026-04-03T16:36:32-07:00,0,4
resume\index.html,4,html,a7edd124,Rwang0316,2026-04-03,16:36:32,-07:00,2026-04-03T16:36:32-07:00,2,20
resume\index.html,5,html,a7edd124,Rwang0316,2026-04-03,16:36:32,-07:00,2026-04-03T16:36:32-07:00,2,68
resume\index.html,6,html,a7edd124,Rwang0316,2026-04-03,16:36:32,-07:00,2026-04-03T16:36:32-07:00,2,19
resume\index.html,7,html,a7edd124,Rwang0316,2026-04-03,16:36:32,-07:00,2026-04-03T16:36:32-07:00,2,41
resume\index.html,8,html,a7edd124,Rwang0316,2026-04-03,16:36:32,-07:00,2026-04-03T16:36:32-07:00,0,5
resume\index.html,9,html,9f8c67c4,Rwang0316,2026-04-10,16:21:10,-07:00,2026-04-10T16:21:10-07:00,0,19
resume\index.html,10,html,a7edd124,Rwang0316,2026-04-03,16:36:32,-07:00,2026-04-03T16:36:32-07:00,0,0
resume\index.html,11,html,689513ea,Rwang0316,2026-04-17,18:09:17,-07:00,2026-04-17T18:09:17-07:00,0,0
resume\index.html,12,html,a7edd124,Rwang0316,2026-04-03,16:36:32,-07:00,2026-04-03T16:36:32-07:00,0,0
resume\index.html,13,html,a7edd124,Rwang0316,2026-04-03,16:36:32,-07:00,2026-04-03T16:36:32-07:00,0,13
resume\index.html,14,html,a7edd124,Rwang0316,2026-04-03,16:36:32,-07:00,2026-04-03T16:36:32-07:00,0,0
resume\index.html,15,html,a7edd124,Rwang0316,2026-04-03,16:36:32,-07:00,2026-04-03T16:36:32-07:00,0,7
resume\index.html,16,html,a7edd124,Rwang0316,2026-04-03,16:36:32,-07:00,2026-04-03T16:36:32-07:00,2,16
resume\index.html,17,html,a7edd124,Rwang0316,2026-04-03,16:36:32,-07:00,2026-04-03T16:36:32-07:00,2,32
resume\index.html,18,html,a7edd124,Rwang0316,2026-04-03,16:36:32,-07:00,2026-04-03T16:36:32-07:00,0,8
resume\index.html,19,html,a7edd124,Rwang0316,2026-04-03,16:36:32,-07:00,2026-04-03T16:36:32-07:00,0,0
resume\index.html,20,html,a7edd124,Rwang0316,2026-04-03,16:36:32,-07:00,2026-04-03T16:36:32-07:00,0,7
resume\index.html,21,html,a7edd124,Rwang0316,2026-04-03,16:36:32,-07:00,2026-04-03T16:36:32-07:00,2,17
resume\index.html,22,html,a7edd124,Rwang0316,2026-04-03,16:36:32,-07:00,2026-04-03T16:36:32-07:00,2,7
resume\index.html,23,html,a7edd124,Rwang0316,2026-04-03,16:36:32,-07:00,2026-04-03T16:36:32-07:00,4,42
resume\index.html,24,html,a7edd124,Rwang0316,2026-04-03,16:36:32,-07:00,2026-04-03T16:36:32-07:00,4,29
resume\index.html,25,html,a7edd124,Rwang0316,2026-04-03,16:36:32,-07:00,2026-04-03T16:36:32-07:00,4,61
resume\index.html,26,html,a7edd124,Rwang0316,2026-04-03,16:36:32,-07:00,2026-04-03T16:36:32-07:00,2,8
resume\index.html,27,html,a7edd124,Rwang0316,2026-04-03,16:36:32,-07:00,2026-04-03T16:36:32-07:00,0,8
resume\index.html,28,html,a7edd124,Rwang0316,2026-04-03,16:36:32,-07:00,2026-04-03T16:36:32-07:00,0,0
resume\index.html,29,html,a7edd124,Rwang0316,2026-04-03,16:36:32,-07:00,2026-04-03T16:36:32-07:00,0,7
resume\index.html,30,html,a7edd124,Rwang0316,2026-04-03,16:36:32,-07:00,2026-04-03T16:36:32-07:00,2,15
resume\index.html,31,html,a7edd124,Rwang0316,2026-04-03,16:36:32,-07:00,2026-04-03T16:36:32-07:00,2,2
resume\index.html,32,html,a7edd124,Rwang0316,2026-04-03,16:36:32,-07:00,2026-04-03T16:36:32-07:00,4,40
resume\index.html,33,html,a7edd124,Rwang0316,2026-04-03,16:36:32,-07:00,2026-04-03T16:36:32-07:00,4,40
resume\index.html,34,html,a7edd124,Rwang0316,2026-04-03,16:36:32,-07:00,2026-04-03T16:36:32-07:00,2,3
resume\index.html,35,html,a7edd124,Rwang0316,2026-04-03,16:36:32,-07:00,2026-04-03T16:36:32-07:00,0,8
resume\index.html,36,html,0d9cb995,Rwang0316,2026-04-17,17:57:56,-07:00,2026-04-17T17:57:56-07:00,2,48
resume\index.html,37,html,a7edd124,Rwang0316,2026-04-03,16:36:32,-07:00,2026-04-03T16:36:32-07:00,0,5
resume\index.html,38,html,0d9cb995,Rwang0316,2026-04-17,17:57:56,-07:00,2026-04-17T17:57:56-07:00,0,0
resume\index.html,39,html,a7edd124,Rwang0316,2026-04-03,16:36:32,-07:00,2026-04-03T16:36:32-07:00,0,5
projects\projects.js,1,js,2858026f,Rwang0316,2026-05-01,23:05:25,-07:00,2026-05-01T23:05:25-07:00,0,63
projects\projects.js,2,js,fbe83992,Rwang0316,2026-04-24,16:23:42,-07:00,2026-04-24T16:23:42-07:00,0,55
projects\projects.js,3,js,fbe83992,Rwang0316,2026-04-24,16:23:42,-07:00,2026-04-24T16:23:42-07:00,0,0
projects\projects.js,4,js,fbe83992,Rwang0316,2026-04-24,16:23:42,-07:00,2026-04-24T16:23:42-07:00,0,55
projects\projects.js,5,js,fbe83992,Rwang0316,2026-04-24,16:23:42,-07:00,2026-04-24T16:23:42-07:00,0,0
projects\projects.js,6,js,2858026f,Rwang0316,2026-05-01,23:05:25,-07:00,2026-05-01T23:05:25-07:00,0,21
projects\projects.js,7,js,2858026f,Rwang0316,2026-05-01,23:05:25,-07:00,2026-05-01T23:05:25-07:00,0,0
projects\projects.js,8,js,fbe83992,Rwang0316,2026-04-24,16:23:42,-07:00,2026-04-24T16:23:42-07:00,0,20
projects\projects.js,9,js,fbe83992,Rwang0316,2026-04-24,16:23:42,-07:00,2026-04-24T16:23:42-07:00,0,0
projects\projects.js,10,js,fbe83992,Rwang0316,2026-04-24,16:23:42,-07:00,2026-04-24T16:23:42-07:00,0,62
projects\projects.js,11,js,fbe83992,Rwang0316,2026-04-24,16:23:42,-07:00,2026-04-24T16:23:42-07:00,0,56
projects\projects.js,12,js,fbe83992,Rwang0316,2026-04-24,16:23:42,-07:00,2026-04-24T16:23:42-07:00,0,0
projects\projects.js,13,js,fbe83992,Rwang0316,2026-04-24,16:23:42,-07:00,2026-04-24T16:23:42-07:00,0,60
projects\projects.js,14,js,fbe83992,Rwang0316,2026-04-24,16:23:42,-07:00,2026-04-24T16:23:42-07:00,0,48
projects\projects.js,15,js,fbe83992,Rwang0316,2026-04-24,16:23:42,-07:00,2026-04-24T16:23:42-07:00,0,0
projects\projects.js,16,js,2858026f,Rwang0316,2026-05-01,23:05:25,-07:00,2026-05-01T23:05:25-07:00,0,38
projects\projects.js,17,js,2858026f,Rwang0316,2026-05-01,23:05:25,-07:00,2026-05-01T23:05:25-07:00,1,26
projects\projects.js,18,js,2858026f,Rwang0316,2026-05-01,23:05:25,-07:00,2026-05-01T23:05:25-07:00,2,12
projects\projects.js,19,js,2858026f,Rwang0316,2026-05-01,23:05:25,-07:00,2026-05-01T23:05:25-07:00,2,14
projects\projects.js,20,js,2858026f,Rwang0316,2026-05-01,23:05:25,-07:00,2026-05-01T23:05:25-07:00,2,11
projects\projects.js,21,js,2858026f,Rwang0316,2026-05-01,23:05:25,-07:00,2026-05-01T23:05:25-07:00,1,0
projects\projects.js,22,js,2858026f,Rwang0316,2026-05-01,23:05:25,-07:00,2026-05-01T23:05:25-07:00,0,0
projects\projects.js,23,js,2858026f,Rwang0316,2026-05-01,23:05:25,-07:00,2026-05-01T23:05:25-07:00,1,44
projects\projects.js,24,js,2858026f,Rwang0316,2026-05-01,23:05:25,-07:00,2026-05-01T23:05:25-07:00,2,35
projects\projects.js,25,js,2858026f,Rwang0316,2026-05-01,23:05:25,-07:00,2026-05-01T23:05:25-07:00,1,1
projects\projects.js,26,js,2858026f,Rwang0316,2026-05-01,23:05:25,-07:00,2026-05-01T23:05:25-07:00,0,0
projects\projects.js,27,js,2858026f,Rwang0316,2026-05-01,23:05:25,-07:00,2026-05-01T23:05:25-07:00,1,25
projects\projects.js,28,js,2858026f,Rwang0316,2026-05-01,23:05:25,-07:00,2026-05-01T23:05:25-07:00,2,13
projects\projects.js,29,js,2858026f,Rwang0316,2026-05-01,23:05:25,-07:00,2026-05-01T23:05:25-07:00,2,15
projects\projects.js,30,js,2858026f,Rwang0316,2026-05-01,23:05:25,-07:00,2026-05-01T23:05:25-07:00,0,0
projects\projects.js,31,js,2858026f,Rwang0316,2026-05-01,23:05:25,-07:00,2026-05-01T23:05:25-07:00,1,50
projects\projects.js,32,js,2858026f,Rwang0316,2026-05-01,23:05:25,-07:00,2026-05-01T23:05:25-07:00,1,33
projects\projects.js,33,js,2858026f,Rwang0316,2026-05-01,23:05:25,-07:00,2026-05-01T23:05:25-07:00,1,45
projects\projects.js,34,js,2858026f,Rwang0316,2026-05-01,23:05:25,-07:00,2026-05-01T23:05:25-07:00,0,0
projects\projects.js,35,js,2858026f,Rwang0316,2026-05-01,23:05:25,-07:00,2026-05-01T23:05:25-07:00,1,47
projects\projects.js,36,js,2858026f,Rwang0316,2026-05-01,23:05:25,-07:00,2026-05-01T23:05:25-07:00,0,0
projects\projects.js,37,js,2858026f,Rwang0316,2026-05-01,23:05:25,-07:00,2026-05-01T23:05:25-07:00,1,40
projects\projects.js,38,js,2858026f,Rwang0316,2026-05-01,23:05:25,-07:00,2026-05-01T23:05:25-07:00,1,29
projects\projects.js,39,js,2858026f,Rwang0316,2026-05-01,23:05:25,-07:00,2026-05-01T23:05:25-07:00,0,0
projects\projects.js,40,js,2858026f,Rwang0316,2026-05-01,23:05:25,-07:00,2026-05-01T23:05:25-07:00,1,26
projects\projects.js,41,js,2858026f,Rwang0316,2026-05-01,23:05:25,-07:00,2026-05-01T23:05:25-07:00,2,1
projects\projects.js,42,js,2858026f,Rwang0316,2026-05-01,23:05:25,-07:00,2026-05-01T23:05:25-07:00,3,13
projects\projects.js,43,js,2858026f,Rwang0316,2026-05-01,23:05:25,-07:00,2026-05-01T23:05:25-07:00,3,13
projects\projects.js,44,js,2858026f,Rwang0316,2026-05-01,23:05:25,-07:00,2026-05-01T23:05:25-07:00,3,24
projects\projects.js,45,js,2858026f,Rwang0316,2026-05-01,23:05:25,-07:00,2026-05-01T23:05:25-07:00,3,53
projects\projects.js,46,js,2858026f,Rwang0316,2026-05-01,23:05:25,-07:00,2026-05-01T23:05:25-07:00,3,18
projects\projects.js,47,js,2858026f,Rwang0316,2026-05-01,23:05:25,-07:00,2026-05-01T23:05:25-07:00,4,47
projects\projects.js,48,js,2858026f,Rwang0316,2026-05-01,23:05:25,-07:00,2026-05-01T23:05:25-07:00,4,22
projects\projects.js,49,js,2858026f,Rwang0316,2026-05-01,23:05:25,-07:00,2026-05-01T23:05:25-07:00,3,1
projects\projects.js,50,js,2858026f,Rwang0316,2026-05-01,23:05:25,-07:00,2026-05-01T23:05:25-07:00,1,1
projects\projects.js,51,js,2858026f,Rwang0316,2026-05-01,23:05:25,-07:00,2026-05-01T23:05:25-07:00,0,0
projects\projects.js,52,js,2858026f,Rwang0316,2026-05-01,23:05:25,-07:00,2026-05-01T23:05:25-07:00,1,32
projects\projects.js,53,js,2858026f,Rwang0316,2026-05-01,23:05:25,-07:00,2026-05-01T23:05:25-07:00,1,30
projects\projects.js,54,js,2858026f,Rwang0316,2026-05-01,23:05:25,-07:00,2026-05-01T23:05:25-07:00,0,0
projects\projects.js,55,js,2858026f,Rwang0316,2026-05-01,23:05:25,-07:00,2026-05-01T23:05:25-07:00,1,24
projects\projects.js,56,js,2858026f,Rwang0316,2026-05-01,23:05:25,-07:00,2026-05-01T23:05:25-07:00,2,4
projects\projects.js,57,js,2858026f,Rwang0316,2026-05-01,23:05:25,-07:00,2026-05-01T23:05:25-07:00,3,11
projects\projects.js,58,js,2858026f,Rwang0316,2026-05-01,23:05:25,-07:00,2026-05-01T23:05:25-07:00,3,38
projects\projects.js,59,js,2858026f,Rwang0316,2026-05-01,23:05:25,-07:00,2026-05-01T23:05:25-07:00,3,70
projects\projects.js,60,js,2858026f,Rwang0316,2026-05-01,23:05:25,-07:00,2026-05-01T23:05:25-07:00,3,68
projects\projects.js,61,js,2858026f,Rwang0316,2026-05-01,23:05:25,-07:00,2026-05-01T23:05:25-07:00,3,18
projects\projects.js,62,js,2858026f,Rwang0316,2026-05-01,23:05:25,-07:00,2026-05-01T23:05:25-07:00,4,47
projects\projects.js,63,js,2858026f,Rwang0316,2026-05-01,23:05:25,-07:00,2026-05-01T23:05:25-07:00,4,22
projects\projects.js,64,js,2858026f,Rwang0316,2026-05-01,23:05:25,-07:00,2026-05-01T23:05:25-07:00,3,1
projects\projects.js,65,js,2858026f,Rwang0316,2026-05-01,23:05:25,-07:00,2026-05-01T23:05:25-07:00,1,1
projects\projects.js,66,js,2858026f,Rwang0316,2026-05-01,23:05:25,-07:00,2026-05-01T23:05:25-07:00,0,0
projects\projects.js,67,js,2858026f,Rwang0316,2026-05-01,23:05:25,-07:00,2026-05-01T23:05:25-07:00,0,0
projects\projects.js,68,js,2858026f,Rwang0316,2026-05-01,23:05:25,-07:00,2026-05-01T23:05:25-07:00,0,31
projects\projects.js,69,js,2858026f,Rwang0316,2026-05-01,23:05:25,-07:00,2026-05-01T23:05:25-07:00,1,26
projects\projects.js,70,js,2858026f,Rwang0316,2026-05-01,23:05:25,-07:00,2026-05-01T23:05:25-07:00,0,0
projects\projects.js,71,js,2858026f,Rwang0316,2026-05-01,23:05:25,-07:00,2026-05-01T23:05:25-07:00,1,25
projects\projects.js,72,js,2858026f,Rwang0316,2026-05-01,23:05:25,-07:00,2026-05-01T23:05:25-07:00,2,22
projects\projects.js,73,js,2858026f,Rwang0316,2026-05-01,23:05:25,-07:00,2026-05-01T23:05:25-07:00,3,11
projects\projects.js,74,js,2858026f,Rwang0316,2026-05-01,23:05:25,-07:00,2026-05-01T23:05:25-07:00,3,14
projects\projects.js,75,js,2858026f,Rwang0316,2026-05-01,23:05:25,-07:00,2026-05-01T23:05:25-07:00,3,11
projects\projects.js,76,js,2858026f,Rwang0316,2026-05-01,23:05:25,-07:00,2026-05-01T23:05:25-07:00,2,0
projects\projects.js,77,js,2858026f,Rwang0316,2026-05-01,23:05:25,-07:00,2026-05-01T23:05:25-07:00,0,0
projects\projects.js,78,js,2858026f,Rwang0316,2026-05-01,23:05:25,-07:00,2026-05-01T23:05:25-07:00,2,42
projects\projects.js,79,js,2858026f,Rwang0316,2026-05-01,23:05:25,-07:00,2026-05-01T23:05:25-07:00,0,0
projects\projects.js,80,js,2858026f,Rwang0316,2026-05-01,23:05:25,-07:00,2026-05-01T23:05:25-07:00,2,61
projects\projects.js,81,js,2858026f,Rwang0316,2026-05-01,23:05:25,-07:00,2026-05-01T23:05:25-07:00,1,0
projects\projects.js,82,js,2858026f,Rwang0316,2026-05-01,23:05:25,-07:00,2026-05-01T23:05:25-07:00,0,0
projects\projects.js,83,js,2858026f,Rwang0316,2026-05-01,23:05:25,-07:00,2026-05-01T23:05:25-07:00,1,48
projects\projects.js,84,js,2858026f,Rwang0316,2026-05-01,23:05:25,-07:00,2026-05-01T23:05:25-07:00,1,27
projects\projects.js,85,js,2858026f,Rwang0316,2026-05-01,23:05:25,-07:00,2026-05-01T23:05:25-07:00,0,0
projects\projects.js,86,js,2858026f,Rwang0316,2026-05-01,23:05:25,-07:00,2026-05-01T23:05:25-07:00,0,0
projects\projects.js,87,js,2858026f,Rwang0316,2026-05-01,23:05:25,-07:00,2026-05-01T23:05:25-07:00,0,23
projects\projects.js,88,js,2858026f,Rwang0316,2026-05-01,23:05:25,-07:00,2026-05-01T23:05:25-07:00,0,0
projects\projects.js,89,js,2858026f,Rwang0316,2026-05-01,23:05:25,-07:00,2026-05-01T23:05:25-07:00,0,13
projects\projects.js,90,js,2858026f,Rwang0316,2026-05-01,23:05:25,-07:00,2026-05-01T23:05:25-07:00,0,53
projects\projects.js,91,js,2858026f,Rwang0316,2026-05-01,23:05:25,-07:00,2026-05-01T23:05:25-07:00,0,0
projects\projects.js,92,js,2858026f,Rwang0316,2026-05-01,23:05:25,-07:00,2026-05-01T23:05:25-07:00,0,48
projects\projects.js,93,js,2858026f,Rwang0316,2026-05-01,23:05:25,-07:00,2026-05-01T23:05:25-07:00,1,25
projects\projects.js,94,js,2858026f,Rwang0316,2026-05-01,23:05:25,-07:00,2026-05-01T23:05:25-07:00,0,0
projects\projects.js,95,js,2858026f,Rwang0316,2026-05-01,23:05:25,-07:00,2026-05-01T23:05:25-07:00,1,51
projects\projects.js,96,js,2858026f,Rwang0316,2026-05-01,23:05:25,-07:00,2026-05-01T23:05:25-07:00,2,59
projects\projects.js,97,js,2858026f,Rwang0316,2026-05-01,23:05:25,-07:00,2026-05-01T23:05:25-07:00,2,42
projects\projects.js,98,js,2858026f,Rwang0316,2026-05-01,23:05:25,-07:00,2026-05-01T23:05:25-07:00,1,1
projects\projects.js,99,js,2858026f,Rwang0316,2026-05-01,23:05:25,-07:00,2026-05-01T23:05:25-07:00,0,0
projects\projects.js,100,js,2858026f,Rwang0316,2026-05-01,23:05:25,-07:00,2026-05-01T23:05:25-07:00,1,17
projects\projects.js,101,js,2858026f,Rwang0316,2026-05-01,23:05:25,-07:00,2026-05-01T23:05:25-07:00,0,0
projects\projects.js,102,js,2858026f,Rwang0316,2026-05-01,23:05:25,-07:00,2026-05-01T23:05:25-07:00,1,25
projects\projects.js,103,js,2858026f,Rwang0316,2026-05-01,23:05:25,-07:00,2026-05-01T23:05:25-07:00,0,1
projects\index.html,1,html,fca46cb3,Rwang0316,2026-04-03,16:16:49,-07:00,2026-04-03T16:16:49-07:00,0,13
projects\index.html,2,html,fca46cb3,Rwang0316,2026-04-03,16:16:49,-07:00,2026-04-03T16:16:49-07:00,0,14
projects\index.html,3,html,fca46cb3,Rwang0316,2026-04-03,16:16:49,-07:00,2026-04-03T16:16:49-07:00,0,4
projects\index.html,4,html,fca46cb3,Rwang0316,2026-04-03,16:16:49,-07:00,2026-04-03T16:16:49-07:00,2,20
projects\index.html,5,html,fca46cb3,Rwang0316,2026-04-03,16:16:49,-07:00,2026-04-03T16:16:49-07:00,2,68
projects\index.html,6,html,2858026f,Rwang0316,2026-05-01,23:05:25,-07:00,2026-05-01T23:05:25-07:00,2,21
projects\index.html,7,html,609f61ef,Rwang0316,2026-04-03,16:21:44,-07:00,2026-04-03T16:21:44-07:00,2,41
projects\index.html,8,html,fca46cb3,Rwang0316,2026-04-03,16:16:49,-07:00,2026-04-03T16:16:49-07:00,0,5
projects\index.html,9,html,fca46cb3,Rwang0316,2026-04-03,16:16:49,-07:00,2026-04-03T16:16:49-07:00,0,4
projects\index.html,10,html,689513ea,Rwang0316,2026-04-17,18:09:17,-07:00,2026-04-17T18:09:17-07:00,2,0
projects\index.html,11,html,fbe83992,Rwang0316,2026-04-24,16:23:42,-07:00,2026-04-24T16:23:42-07:00,2,38
projects\index.html,12,html,2858026f,Rwang0316,2026-05-01,23:05:25,-07:00,2026-05-01T23:05:25-07:00,2,27
projects\index.html,13,html,2858026f,Rwang0316,2026-05-01,23:05:25,-07:00,2026-05-01T23:05:25-07:00,4,58
projects\index.html,14,html,2858026f,Rwang0316,2026-05-01,23:05:25,-07:00,2026-05-01T23:05:25-07:00,4,22
projects\index.html,15,html,2858026f,Rwang0316,2026-05-01,23:05:25,-07:00,2026-05-01T23:05:25-07:00,2,4
projects\index.html,16,html,61d2f83e,Rwang0316,2026-04-10,16:12:25,-07:00,2026-04-10T16:12:25-07:00,2,0
projects\index.html,17,html,2858026f,Rwang0316,2026-05-01,23:05:25,-07:00,2026-05-01T23:05:25-07:00,2,4
projects\index.html,18,html,2858026f,Rwang0316,2026-05-01,23:05:25,-07:00,2026-05-01T23:05:25-07:00,2,15
projects\index.html,19,html,2858026f,Rwang0316,2026-05-01,23:05:25,-07:00,2026-05-01T23:05:25-07:00,2,11
projects\index.html,20,html,2858026f,Rwang0316,2026-05-01,23:05:25,-07:00,2026-05-01T23:05:25-07:00,2,26
projects\index.html,21,html,2858026f,Rwang0316,2026-05-01,23:05:25,-07:00,2026-05-01T23:05:25-07:00,2,33
projects\index.html,22,html,2858026f,Rwang0316,2026-05-01,23:05:25,-07:00,2026-05-01T23:05:25-07:00,2,0
projects\index.html,23,html,2858026f,Rwang0316,2026-05-01,23:05:25,-07:00,2026-05-01T23:05:25-07:00,0,0
projects\index.html,24,html,61d2f83e,Rwang0316,2026-04-10,16:12:25,-07:00,2026-04-10T16:12:25-07:00,2,20
projects\index.html,25,html,fbe83992,Rwang0316,2026-04-24,16:23:42,-07:00,2026-04-24T16:23:42-07:00,4,12
projects\index.html,26,html,61d2f83e,Rwang0316,2026-04-10,16:12:25,-07:00,2026-04-10T16:12:25-07:00,6,29
projects\index.html,27,html,61d2f83e,Rwang0316,2026-04-10,16:12:25,-07:00,2026-04-10T16:12:25-07:00,6,70
projects\index.html,28,html,61d2f83e,Rwang0316,2026-04-10,16:12:25,-07:00,2026-04-10T16:12:25-07:00,6,198
projects\index.html,29,html,61d2f83e,Rwang0316,2026-04-10,16:12:25,-07:00,2026-04-10T16:12:25-07:00,4,8
projects\index.html,30,html,61d2f83e,Rwang0316,2026-04-10,16:12:25,-07:00,2026-04-10T16:12:25-07:00,4,7
projects\index.html,31,html,61d2f83e,Rwang0316,2026-04-10,16:12:25,-07:00,2026-04-10T16:12:25-07:00,6,28
projects\index.html,32,html,61d2f83e,Rwang0316,2026-04-10,16:12:25,-07:00,2026-04-10T16:12:25-07:00,6,70
projects\index.html,33,html,61d2f83e,Rwang0316,2026-04-10,16:12:25,-07:00,2026-04-10T16:12:25-07:00,6,212
projects\index.html,34,html,61d2f83e,Rwang0316,2026-04-10,16:12:25,-07:00,2026-04-10T16:12:25-07:00,4,8
projects\index.html,35,html,61d2f83e,Rwang0316,2026-04-10,16:12:25,-07:00,2026-04-10T16:12:25-07:00,4,7
projects\index.html,36,html,61d2f83e,Rwang0316,2026-04-10,16:12:25,-07:00,2026-04-10T16:12:25-07:00,6,41
projects\index.html,37,html,61d2f83e,Rwang0316,2026-04-10,16:12:25,-07:00,2026-04-10T16:12:25-07:00,6,70
projects\index.html,38,html,61d2f83e,Rwang0316,2026-04-10,16:12:25,-07:00,2026-04-10T16:12:25-07:00,6,230
projects\index.html,39,html,61d2f83e,Rwang0316,2026-04-10,16:12:25,-07:00,2026-04-10T16:12:25-07:00,4,8
projects\index.html,40,html,61d2f83e,Rwang0316,2026-04-10,16:12:25,-07:00,2026-04-10T16:12:25-07:00,4,7
projects\index.html,41,html,61d2f83e,Rwang0316,2026-04-10,16:12:25,-07:00,2026-04-10T16:12:25-07:00,6,29
projects\index.html,42,html,61d2f83e,Rwang0316,2026-04-10,16:12:25,-07:00,2026-04-10T16:12:25-07:00,6,70
projects\index.html,43,html,61d2f83e,Rwang0316,2026-04-10,16:12:25,-07:00,2026-04-10T16:12:25-07:00,6,234
projects\index.html,44,html,61d2f83e,Rwang0316,2026-04-10,16:12:25,-07:00,2026-04-10T16:12:25-07:00,4,8
projects\index.html,45,html,61d2f83e,Rwang0316,2026-04-10,16:12:25,-07:00,2026-04-10T16:12:25-07:00,4,7
projects\index.html,46,html,61d2f83e,Rwang0316,2026-04-10,16:12:25,-07:00,2026-04-10T16:12:25-07:00,6,32
projects\index.html,47,html,61d2f83e,Rwang0316,2026-04-10,16:12:25,-07:00,2026-04-10T16:12:25-07:00,6,70
projects\index.html,48,html,61d2f83e,Rwang0316,2026-04-10,16:12:25,-07:00,2026-04-10T16:12:25-07:00,6,227
projects\index.html,49,html,61d2f83e,Rwang0316,2026-04-10,16:12:25,-07:00,2026-04-10T16:12:25-07:00,4,8
projects\index.html,50,html,61d2f83e,Rwang0316,2026-04-10,16:12:25,-07:00,2026-04-10T16:12:25-07:00,4,7
projects\index.html,51,html,61d2f83e,Rwang0316,2026-04-10,16:12:25,-07:00,2026-04-10T16:12:25-07:00,6,30
projects\index.html,52,html,61d2f83e,Rwang0316,2026-04-10,16:12:25,-07:00,2026-04-10T16:12:25-07:00,6,70
projects\index.html,53,html,61d2f83e,Rwang0316,2026-04-10,16:12:25,-07:00,2026-04-10T16:12:25-07:00,6,209
projects\index.html,54,html,61d2f83e,Rwang0316,2026-04-10,16:12:25,-07:00,2026-04-10T16:12:25-07:00,4,8
projects\index.html,55,html,61d2f83e,Rwang0316,2026-04-10,16:12:25,-07:00,2026-04-10T16:12:25-07:00,4,7
projects\index.html,56,html,61d2f83e,Rwang0316,2026-04-10,16:12:25,-07:00,2026-04-10T16:12:25-07:00,6,28
projects\index.html,57,html,61d2f83e,Rwang0316,2026-04-10,16:12:25,-07:00,2026-04-10T16:12:25-07:00,6,70
projects\index.html,58,html,61d2f83e,Rwang0316,2026-04-10,16:12:25,-07:00,2026-04-10T16:12:25-07:00,6,243
projects\index.html,59,html,61d2f83e,Rwang0316,2026-04-10,16:12:25,-07:00,2026-04-10T16:12:25-07:00,4,8
projects\index.html,60,html,61d2f83e,Rwang0316,2026-04-10,16:12:25,-07:00,2026-04-10T16:12:25-07:00,4,7
projects\index.html,61,html,61d2f83e,Rwang0316,2026-04-10,16:12:25,-07:00,2026-04-10T16:12:25-07:00,6,32
projects\index.html,62,html,61d2f83e,Rwang0316,2026-04-10,16:12:25,-07:00,2026-04-10T16:12:25-07:00,6,70
projects\index.html,63,html,61d2f83e,Rwang0316,2026-04-10,16:12:25,-07:00,2026-04-10T16:12:25-07:00,6,234
projects\index.html,64,html,61d2f83e,Rwang0316,2026-04-10,16:12:25,-07:00,2026-04-10T16:12:25-07:00,4,8
projects\index.html,65,html,61d2f83e,Rwang0316,2026-04-10,16:12:25,-07:00,2026-04-10T16:12:25-07:00,4,7
projects\index.html,66,html,61d2f83e,Rwang0316,2026-04-10,16:12:25,-07:00,2026-04-10T16:12:25-07:00,6,28
projects\index.html,67,html,61d2f83e,Rwang0316,2026-04-10,16:12:25,-07:00,2026-04-10T16:12:25-07:00,6,70
projects\index.html,68,html,61d2f83e,Rwang0316,2026-04-10,16:12:25,-07:00,2026-04-10T16:12:25-07:00,6,238
projects\index.html,69,html,61d2f83e,Rwang0316,2026-04-10,16:12:25,-07:00,2026-04-10T16:12:25-07:00,4,8
projects\index.html,70,html,61d2f83e,Rwang0316,2026-04-10,16:12:25,-07:00,2026-04-10T16:12:25-07:00,4,7
projects\index.html,71,html,61d2f83e,Rwang0316,2026-04-10,16:12:25,-07:00,2026-04-10T16:12:25-07:00,6,35
projects\index.html,72,html,61d2f83e,Rwang0316,2026-04-10,16:12:25,-07:00,2026-04-10T16:12:25-07:00,6,70
projects\index.html,73,html,61d2f83e,Rwang0316,2026-04-10,16:12:25,-07:00,2026-04-10T16:12:25-07:00,6,205
projects\index.html,74,html,61d2f83e,Rwang0316,2026-04-10,16:12:25,-07:00,2026-04-10T16:12:25-07:00,4,8
projects\index.html,75,html,61d2f83e,Rwang0316,2026-04-10,16:12:25,-07:00,2026-04-10T16:12:25-07:00,4,7
projects\index.html,76,html,61d2f83e,Rwang0316,2026-04-10,16:12:25,-07:00,2026-04-10T16:12:25-07:00,6,38
projects\index.html,77,html,61d2f83e,Rwang0316,2026-04-10,16:12:25,-07:00,2026-04-10T16:12:25-07:00,6,70
projects\index.html,78,html,61d2f83e,Rwang0316,2026-04-10,16:12:25,-07:00,2026-04-10T16:12:25-07:00,6,239
projects\index.html,79,html,61d2f83e,Rwang0316,2026-04-10,16:12:25,-07:00,2026-04-10T16:12:25-07:00,4,8
projects\index.html,80,html,61d2f83e,Rwang0316,2026-04-10,16:12:25,-07:00,2026-04-10T16:12:25-07:00,4,7
projects\index.html,81,html,61d2f83e,Rwang0316,2026-04-10,16:12:25,-07:00,2026-04-10T16:12:25-07:00,6,41
projects\index.html,82,html,61d2f83e,Rwang0316,2026-04-10,16:12:25,-07:00,2026-04-10T16:12:25-07:00,6,70
projects\index.html,83,html,61d2f83e,Rwang0316,2026-04-10,16:12:25,-07:00,2026-04-10T16:12:25-07:00,6,226
projects\index.html,84,html,fbe83992,Rwang0316,2026-04-24,16:23:42,-07:00,2026-04-24T16:23:42-07:00,4,12
projects\index.html,85,html,61d2f83e,Rwang0316,2026-04-10,16:12:25,-07:00,2026-04-10T16:12:25-07:00,2,4
projects\index.html,86,html,fbe83992,Rwang0316,2026-04-24,16:23:42,-07:00,2026-04-24T16:23:42-07:00,2,48
projects\index.html,87,html,fbe83992,Rwang0316,2026-04-24,16:23:42,-07:00,2026-04-24T16:23:42-07:00,2,47
projects\index.html,88,html,fca46cb3,Rwang0316,2026-04-03,16:16:49,-07:00,2026-04-03T16:16:49-07:00,0,5
projects\index.html,89,html,fca46cb3,Rwang0316,2026-04-03,16:16:49,-07:00,2026-04-03T16:16:49-07:00,0,5
contact\index.html,1,html,fca46cb3,Rwang0316,2026-04-03,16:16:49,-07:00,2026-04-03T16:16:49-07:00,0,13
contact\index.html,2,html,fca46cb3,Rwang0316,2026-04-03,16:16:49,-07:00,2026-04-03T16:16:49-07:00,0,14
contact\index.html,3,html,fca46cb3,Rwang0316,2026-04-03,16:16:49,-07:00,2026-04-03T16:16:49-07:00,0,4
contact\index.html,4,html,fca46cb3,Rwang0316,2026-04-03,16:16:49,-07:00,2026-04-03T16:16:49-07:00,2,20
contact\index.html,5,html,fca46cb3,Rwang0316,2026-04-03,16:16:49,-07:00,2026-04-03T16:16:49-07:00,2,68
contact\index.html,6,html,fca46cb3,Rwang0316,2026-04-03,16:16:49,-07:00,2026-04-03T16:16:49-07:00,2,20
contact\index.html,7,html,fca46cb3,Rwang0316,2026-04-03,16:16:49,-07:00,2026-04-03T16:16:49-07:00,2,41
contact\index.html,8,html,fca46cb3,Rwang0316,2026-04-03,16:16:49,-07:00,2026-04-03T16:16:49-07:00,0,5
contact\index.html,9,html,0d9cb995,Rwang0316,2026-04-17,17:57:56,-07:00,2026-04-17T17:57:56-07:00,0,0
contact\index.html,10,html,fca46cb3,Rwang0316,2026-04-03,16:16:49,-07:00,2026-04-03T16:16:49-07:00,0,4
contact\index.html,11,html,689513ea,Rwang0316,2026-04-17,18:09:17,-07:00,2026-04-17T18:09:17-07:00,2,0
contact\index.html,12,html,fca46cb3,Rwang0316,2026-04-03,16:16:49,-07:00,2026-04-03T16:16:49-07:00,2,14
contact\index.html,13,html,eff7ab74,Rwang0316,2026-04-03,16:27:06,-07:00,2026-04-03T16:27:06-07:00,2,81
contact\index.html,14,html,eff7ab74,Rwang0316,2026-04-03,16:27:06,-07:00,2026-04-03T16:27:06-07:00,2,0
contact\index.html,15,html,eff7ab74,Rwang0316,2026-04-03,16:27:06,-07:00,2026-04-03T16:27:06-07:00,4,5
contact\index.html,16,html,eff7ab74,Rwang0316,2026-04-03,16:27:06,-07:00,2026-04-03T16:27:06-07:00,6,4
contact\index.html,17,html,eff7ab74,Rwang0316,2026-04-03,16:27:06,-07:00,2026-04-03T16:27:06-07:00,6,31
contact\index.html,18,html,eff7ab74,Rwang0316,2026-04-03,16:27:06,-07:00,2026-04-03T16:27:06-07:00,4,6
contact\index.html,19,html,eff7ab74,Rwang0316,2026-04-03,16:27:06,-07:00,2026-04-03T16:27:06-07:00,0,0
contact\index.html,20,html,eff7ab74,Rwang0316,2026-04-03,16:27:06,-07:00,2026-04-03T16:27:06-07:00,4,5
contact\index.html,21,html,eff7ab74,Rwang0316,2026-04-03,16:27:06,-07:00,2026-04-03T16:27:06-07:00,6,6
contact\index.html,22,html,eff7ab74,Rwang0316,2026-04-03,16:27:06,-07:00,2026-04-03T16:27:06-07:00,6,20
contact\index.html,23,html,eff7ab74,Rwang0316,2026-04-03,16:27:06,-07:00,2026-04-03T16:27:06-07:00,4,6
contact\index.html,24,html,eff7ab74,Rwang0316,2026-04-03,16:27:06,-07:00,2026-04-03T16:27:06-07:00,0,0
contact\index.html,25,html,eff7ab74,Rwang0316,2026-04-03,16:27:06,-07:00,2026-04-03T16:27:06-07:00,4,5
contact\index.html,26,html,02f2640d,Rwang0316,2026-04-10,15:56:39,-07:00,2026-04-10T15:56:39-07:00,6,6
contact\index.html,27,html,eff7ab74,Rwang0316,2026-04-03,16:27:06,-07:00,2026-04-03T16:27:06-07:00,6,31
contact\index.html,28,html,eff7ab74,Rwang0316,2026-04-03,16:27:06,-07:00,2026-04-03T16:27:06-07:00,4,6
contact\index.html,29,html,eff7ab74,Rwang0316,2026-04-03,16:27:06,-07:00,2026-04-03T16:27:06-07:00,0,0
contact\index.html,30,html,e013bf7b,Rwang0316,2026-04-10,16:06:25,-07:00,2026-04-10T16:06:25-07:00,4,19
contact\index.html,31,html,eff7ab74,Rwang0316,2026-04-03,16:27:06,-07:00,2026-04-03T16:27:06-07:00,2,5
contact\index.html,32,html,0d9cb995,Rwang0316,2026-04-17,17:57:56,-07:00,2026-04-17T17:57:56-07:00,2,48
contact\index.html,33,html,fca46cb3,Rwang0316,2026-04-03,16:16:49,-07:00,2026-04-03T16:16:49-07:00,0,5
contact\index.html,34,html,fca46cb3,Rwang0316,2026-04-03,16:16:49,-07:00,2026-04-03T16:16:49-07:00,0,5
